"Letzte Seite"	"Count"	"Absprungrate"	"Name"
0	170	9.2592592593	"Persönliche Angaben"
1	168	10.0840336134	"Spielenutzung"
2	61	4.0720961282	"Nutzungsmotivation"
3	10	0.6958942241	"Free2Play"
4	13	0.9110021023	"Zensur"
5	30	2.1216407355	"DRM"
6	1384	75.3812636166	"Abgeschlossen"
#Total	1836	100.00	"Umfragebesucher"
