#"Letzte Seite"	"Count"	"Absprungrate" "Name"
0	364	9.0412319921	"Persönliche Angaben"
1	425	11.6056799563	"Spielenutzung"
2	174	5.375347544	"Nutzungsmotivation"
3	102	3.3300685602	"Zensur"
4	153	5.1671732523	"DRM"
5	221	7.8703703704	"Sexismus"
6	39	1.5075376884	"Feedback"
7	2548	63.2886239444	"Abgeschlossen"
#Total	4026	100.00000000	"Umfragebesucher"
