#"Letzte Seite"	"Count"	"Absprungrate"	"Name"
0	501	9.3139988846	"Persönliche Angaben"
1	544	11.1521115211	"Spielenutzung"
2	233	5.3760959852	"Nutzungsmotivation"
3	130	3.1699585467	"Zensur"
4	171	4.3062200957	"DRM"
5	272	7.1578947368	"Sexismus"
6	3526	65.5512176985	"Abgeschlossen"
#"Total"	5379	100	"Umfragebesucher"