#"Letzte Seite"	"Count"	"Absprungrate"	"Name"
0	461	9.0285938112	"Persönliche Angaben"
1	515	11.2175996515	"Spielenutzung"
2	211	4.8173515982	"Nutzungsmotivation"
3	122	2.8651949272	"Zensur"
4	167	4.0821315082	"DRM"
5	260	6.7867397546	"Sexismus"
6	3331	65.2369761065	"Abgeschlossen"
#Total	5106	100.0000000	"Umfragebesucher"
